<?xml version="1.0" encoding="UTF-8"?>
<project-private xmlns="http://www.netbeans.org/ns/project-private/1">
    <editor-bookmarks xmlns="http://www.netbeans.org/ns/editor-bookmarks/2" lastBookmarkId="1">
        <file>
            <url>src/Modelo/ConsultaEmfermedadModelo.java</url>
            <bookmark id="1">
                <name/>
                <line>0</line>
                <key/>
            </bookmark>
        </file>
    </editor-bookmarks>
    <open-files xmlns="http://www.netbeans.org/ns/projectui-open-files/2">
        <group>
            <file>file:/C:/Users/2020/Documents/Sis_HicliJoseRivera-20200304T130008Z-001/Sis_HicliJoseRivera/Sis_HicliJoseRivera/src/Modelo/EstablecimientoModelo.java</file>
            <file>file:/C:/Users/2020/Documents/Sis_HicliJoseRivera-20200304T130008Z-001/Sis_HicliJoseRivera/Sis_HicliJoseRivera/src/Modelo/UbigeoModelo.java</file>
            <file>file:/C:/Users/2020/Documents/Sis_HicliJoseRivera-20200304T130008Z-001/Sis_HicliJoseRivera/Sis_HicliJoseRivera/src/Modelo/TrabajadorModelo.java</file>
            <file>file:/C:/Users/2020/Documents/Sis_HicliJoseRivera-20200304T130008Z-001/Sis_HicliJoseRivera/Sis_HicliJoseRivera/src/Modelo/UsuarioModelo.java</file>
        </group>
    </open-files>
</project-private>
